{"cameraMode":{"drawMode":0,"name":"Shaded","section":"Shading Mode"},"sceneLighting":true,"audioPlay":false,"sceneViewState":{"m_AlwaysRefresh":false,"showFog":true,"showSkybox":true,"showFlares":true,"showImageEffects":true,"showParticleSystems":true,"showVisualEffectGraphs":true,"m_FxEnabled":true},"in2DMode":false,"pivot":{"x":0.1257321834564209,"y":1.168736457824707,"z":0.11304856836795807},"rotation":{"x":0.27623194456100466,"y":-0.157115176320076,"z":0.04582309350371361,"w":0.9470626711845398},"size":0.34464967250823977,"orthographic":true}